Run_ID,TTO_Seconds,Limit_Bytes,Mem_Usage_Bytes,Velocity,Pgmajfault,Anon,File
1,0,536870912,536870912,40855,680,532217856,0
1,1,536870912,536616960,40684,606,531955712,0
1,2,536870912,536489984,40790,264,531714048,0
1,3,536870912,536616960,58086,177,532295680,0
1,4,536870912,370626560,69321,0,366096384,126976
1,5,536870912,86376448,14155,0,83857408,126976
2,0,402653184,402653184,39849,338,397856768,0
2,1,402653184,402636800,40507,276,398557184,0
2,2,402653184,402558976,42822,262,399192064,0
2,3,402653184,369233920,68904,0,365596672,126976
2,4,402653184,87371776,14161,0,83779584,126976
3,0,134217728,134127616,36807,23626,131969024,0
3,1,134217728,134127616,38196,132,131964928,8192
3,2,134217728,81158144,12841,0,78061568,126976
4,0,201326592,201326592,39079,302,198230016,0
4,1,201326592,201281536,47318,229,198934528,0
4,2,201326592,86929408,14148,0,83202048,126976
5,0,536870912,536870912,38373,556,531976192,0
5,1,536870912,536616960,40015,551,531886080,0
5,2,536870912,536616960,39941,376,532717568,0
5,3,536870912,536870912,59427,291,532828160,0
5,4,536870912,347803648,64772,0,343781376,126976
5,5,536870912,82542592,13182,0,79077376,126976
